username,password,passwordConfirm,first_name,last_name
rvanderhoven0@reference.com,password1234,password1234,Riley,Van der Hoven
dmuldownie1@networksolutions.com,password1234,password1234,Denis,Muldownie
acawte2@unesco.org,password1234,password1234,Alexei,Cawte
codeoran3@zdnet.com,password1234,password1234,Ciro,O'Deoran
ttreneer4@dailymail.co.uk,password1234,password1234,Trefor,Treneer
cpilgrim5@answers.com,password1234,password1234,Codie,Pilgrim
bnapton6@seattletimes.com,password1234,password1234,Benni,Napton
lmacnally7@unicef.org,password1234,password1234,Letty,MacNally
lkeaveney8@answers.com,password1234,password1234,Lemmie,Keaveney
ukeep9@berkeley.edu,password1234,password1234,Ula,Keep
ntorra@salon.com,password1234,password1234,Nara,Torr
cesmeadb@webmd.com,password1234,password1234,Carolynn,Esmead
mduddanc@state.gov,password1234,password1234,Maribeth,Duddan
rarnowiczd@biglobe.ne.jp,password1234,password1234,Rufe,Arnowicz
ahundleye@geocities.jp,password1234,password1234,Abram,Hundley
ipeef@people.com.cn,password1234,password1234,Ivett,Pee
emilbankg@google.cn,password1234,password1234,Evangeline,Milbank
tgloyh@marketwatch.com,password1234,password1234,Trixie,Gloy
sheineli@java.com,password1234,password1234,Shannon,Heinel
sardlingj@google.com.br,password1234,password1234,Sly,Ardling
jjakobssonk@theglobeandmail.com,password1234,password1234,Jolie,Jakobsson
jwattinhaml@histats.com,password1234,password1234,Jennica,Wattinham
sdeperom@trellian.com,password1234,password1234,Shadow,De Pero
hbavridgen@imgur.com,password1234,password1234,Hamlen,Bavridge
epietruszkao@aboutads.info,password1234,password1234,Evanne,Pietruszka
kgummp@flickr.com,password1234,password1234,Kaylee,Gumm
scastelliniq@mlb.com,password1234,password1234,Shawn,Castellini
edevinnr@ning.com,password1234,password1234,Erina,Devinn
aangells@51.la,password1234,password1234,Arabela,Angell
arawett@cpanel.net,password1234,password1234,Allison,Rawet
bschusteru@wufoo.com,password1234,password1234,Brendis,Schuster
bpiellv@vkontakte.ru,password1234,password1234,Bobbie,Piell
rmcgoochw@oakley.com,password1234,password1234,Ruthe,McGooch
ccleerex@desdev.cn,password1234,password1234,Carmelle,Cleere
jambrogelliy@vkontakte.ru,password1234,password1234,Janella,Ambrogelli
kkillshawz@ustream.tv,password1234,password1234,Kari,Killshaw
kgonzalvo10@chronoengine.com,password1234,password1234,Kiley,Gonzalvo
mcrowthe11@fastcompany.com,password1234,password1234,Marcelo,Crowthe
hcaltera12@chron.com,password1234,password1234,Homer,Caltera
cwaudby13@edublogs.org,password1234,password1234,Ciel,Waudby
acrawshaw14@ezinearticles.com,password1234,password1234,Anneliese,Crawshaw
mlangwade15@reference.com,password1234,password1234,Mada,Langwade
aterrazzo16@pinterest.com,password1234,password1234,Agatha,Terrazzo
lgittings17@bloglines.com,password1234,password1234,Lianna,Gittings
hluto18@google.it,password1234,password1234,Hayward,Luto
wrannells19@msn.com,password1234,password1234,Whitaker,Rannells
clepiscopio1a@joomla.org,password1234,password1234,Chaddy,L'Episcopio
rspellar1b@msn.com,password1234,password1234,Rockie,Spellar
rnassi1c@intel.com,password1234,password1234,Rivkah,Nassi
rcow1d@cafepress.com,password1234,password1234,Rori,Cow
tjennick1e@nbcnews.com,password1234,password1234,Teodor,Jennick
mwathan1f@devhub.com,password1234,password1234,Mandie,Wathan
mtabard1g@a8.net,password1234,password1234,Milka,Tabard
rdunnan1h@wikia.com,password1234,password1234,Richard,Dunnan
jbwy1i@google.com,password1234,password1234,Jareb,Bwy
lensor1j@github.io,password1234,password1234,Louis,Ensor
jbaber1k@google.ca,password1234,password1234,Jacquie,Baber
gnorthover1l@flavors.me,password1234,password1234,Glennis,Northover
jgudgin1m@mlb.com,password1234,password1234,Joeann,Gudgin
rsterry1n@reference.com,password1234,password1234,Robena,Sterry
lradwell1o@cdbaby.com,password1234,password1234,Lloyd,Radwell
xtipler1p@reverbnation.com,password1234,password1234,Xena,Tipler
alenormand1q@thetimes.co.uk,password1234,password1234,Auroora,Lenormand
pjephcote1r@google.it,password1234,password1234,Pearl,Jephcote
fbartlett1s@independent.co.uk,password1234,password1234,Fons,Bartlett
retoile1t@last.fm,password1234,password1234,Ruth,Etoile
emalser1u@i2i.jp,password1234,password1234,Elsinore,Malser
drowswell1v@cdbaby.com,password1234,password1234,Donna,Rowswell
uscurrah1w@cam.ac.uk,password1234,password1234,Ulysses,Scurrah
cashelford1x@google.pl,password1234,password1234,Chico,Ashelford
hpowell1y@twitpic.com,password1234,password1234,Haven,Powell
enorthbridge1z@tinypic.com,password1234,password1234,Erick,Northbridge
hliddington20@indiatimes.com,password1234,password1234,Hortense,Liddington
rcoronas21@drupal.org,password1234,password1234,Robyn,Coronas
ssemrad22@booking.com,password1234,password1234,Sayres,Semrad
jkershow23@house.gov,password1234,password1234,Jesse,Kershow
shambly24@chronoengine.com,password1234,password1234,Stormie,Hambly
cstroulger25@illinois.edu,password1234,password1234,Clifford,Stroulger
abrigstock26@a8.net,password1234,password1234,Aidan,Brigstock
olanfranchi27@xrea.com,password1234,password1234,Orly,Lanfranchi
ngoold28@typepad.com,password1234,password1234,Natal,Goold
alabbett29@paginegialle.it,password1234,password1234,Arabel,Labbett
mendricci2a@washington.edu,password1234,password1234,Mireielle,Endricci
anehls2b@creativecommons.org,password1234,password1234,Ariela,Nehls
aeager2c@theguardian.com,password1234,password1234,Allix,Eager
evenable2d@army.mil,password1234,password1234,Elly,Venable
tstiegars2e@mozilla.com,password1234,password1234,Terrell,Stiegars
gstranger2f@google.cn,password1234,password1234,Giraldo,Stranger
oreeders2g@timesonline.co.uk,password1234,password1234,Oren,Reeders
wcuffe2h@unblog.fr,password1234,password1234,Witty,Cuffe
psirette2i@google.com.br,password1234,password1234,Pamelina,Sirette
kmcauley2j@hubpages.com,password1234,password1234,Karly,McAuley
nderby2k@typepad.com,password1234,password1234,Nickola,Derby
hsango2l@abc.net.au,password1234,password1234,Hedy,Sango
cdunley2m@e-recht24.de,password1234,password1234,Celia,Dunley
ldestoop2n@tmall.com,password1234,password1234,Lianne,De Stoop
hcrooks2o@webs.com,password1234,password1234,Hurley,Crooks
wslowgrove2p@aol.com,password1234,password1234,Whitney,Slowgrove
dbaddeley2q@techcrunch.com,password1234,password1234,Darby,Baddeley
cgricewood2r@so-net.ne.jp,password1234,password1234,Cati,Gricewood
